Model,ROC-AUC,PR-AUC,Accuracy,Positive Rate Predicted
XGBoost,0.9925093598295114,0.9486670828017032,0.9998378717495048,0.0015825127059205008
