Model,ROC-AUC,PR-AUC,Accuracy,Positive Rate Predicted
RandomForest,0.9796123739667842,0.9446830249531563,0.9998484453310589,0.001543742906889041
